Cluster,Size,Avg_Experience,Avg_Skill_Score,Certified_%,Training_Completed_%,Avg_Incidents,Avg_Skill_Mismatch,Avg_Assignment_Risk,Characterization
0,272,19.31985294117647,49.40682870719097,90.07352941176471,56.98529411764706,0.6507352941176471,22.36647786584595,1.07496719160105,STANDARD WORKFORCE - Mid-level experience and skill
1,228,10.324561403508772,22.72663651738682,49.56140350877193,36.84210526315789,0.9736842105263158,45.23983757311015,1.2543876476340932,STANDARD WORKFORCE - Mid-level experience and skill
